range,count,percentage
"[0.00, 0.25)",0,0.0
"[0.25, 0.50)",1,0.0014451284719211538
"[0.50, 0.75)",1103,1.5939767045290327
"[0.75, 1.00)",68094,98.40457816699904
